,Amount,Category,bucket,bucket_fill,rem_income,id
3,3629.0,Rent,0.0,0.0,3629.0,1105
4,3629.0,Bills,123.66666666666667,123.66666666666667,3505.3333333333335,1105
1,3505.3333333333335,Shopping,1.6666666666666667,1.6666666666666667,3503.666666666667,1105
0,3503.666666666667,Food,0.0,0.0,3503.666666666667,1105
2,3503.666666666667,Travel,0.0,0.0,3503.666666666667,1105
5,3503.666666666667,Other,0.0,0.0,3503.666666666667,1105
