,Amount,Category,bucket,bucket_fill,rem_income,id
3,232.0,Rent,0.0,0.0,232.0,6059
4,232.0,Bills,0.0,0.0,232.0,6059
1,232.0,Shopping,0.0,0.0,232.0,6059
0,232.0,Food,0.0,0.0,232.0,6059
2,232.0,Travel,3.3333333333333335,3.3333333333333335,228.66666666666666,6059
5,228.66666666666666,Other,0.0,0.0,228.66666666666666,6059
